ball,ConstCode,Const,Lab-Con24P
0,E14001063,Aldershot,11.7
0,E14001064,Aldridge-Brownhills,-10.5
9,E14001064,Aldridge-Brownhills,-10.5
0,E14001065,Altrincham and Sale West,8.1
1,E14001065,Altrincham and Sale West,8.1
17,E14001065,Altrincham and Sale West,8.1
0,E14001066,Amber Valley,11.8
10,E14001066,Amber Valley,11.8
1,E14001067,Arundel and South Downs,-22.3
0,E14001068,Ashfield,20.8
2,E14001068,Ashfield,20.8
9,E14001068,Ashfield,20.8
10,E14001068,Ashfield,20.8
11,E14001068,Ashfield,20.8
0,E14001069,Ashford,3.8
10,E14001069,Ashford,3.8
17,E14001069,Ashford,3.8
2,E14001070,Ashton-under-Lyne,31.6
0,E14001071,Aylesbury,1.3
17,E14001071,Aylesbury,1.3
0,E14001072,Banbury,6.7
1,E14001072,Banbury,6.7
10,E14001072,Banbury,6.7
17,E14001072,Banbury,6.7
2,E14001073,Barking,32.7
2,E14001074,Barnsley North,42.0
9,E14001074,Barnsley North,42.0
11,E14001074,Barnsley North,42.0
2,E14001075,Barnsley South,37.4
11,E14001075,Barnsley South,37.4
23,E14001075,Barnsley South,37.4
0,E14001076,Barrow and Furness,12.6
9,E14001076,Barrow and Furness,12.6
10,E14001076,Barrow and Furness,12.6
0,E14001077,Basildon and Billericay,0.0
2,E14001077,Basildon and Billericay,0.0
10,E14001077,Basildon and Billericay,0.0
0,E14001078,Basingstoke,13.2
17,E14001078,Basingstoke,13.2
0,E14001079,Bassetlaw,12.9
9,E14001079,Bassetlaw,12.9
10,E14001079,Bassetlaw,12.9
3,E14001080,Bath,2.1
3,E14001081,Battersea,25.6
4,E14001081,Battersea,25.6
0,E14001082,Beaconsfield,-23.7
1,E14001082,Beaconsfield,-23.7
17,E14001082,Beaconsfield,-23.7
0,E14001083,Beckenham and Penge,24.7
17,E14001083,Beckenham and Penge,24.7
2,E14001084,Bedford,23.2
12,E14001084,Bedford,23.2
25,E14001084,Bedford,23.2
4,E14001085,Bermondsey and Old Southwark,37.1
5,E14001086,Bethnal Green and Stepney,30.0
0,E14001087,Beverley and Holderness,-0.3
1,E14001087,Beverley and Holderness,-0.3
10,E14001087,Beverley and Holderness,-0.3
1,E14001088,Bexhill and Battle,-5.6
10,E14001088,Bexhill and Battle,-5.6
26,E14001088,Bexhill and Battle,-5.6
0,E14001089,Bexleyheath and Crayford,4.9
10,E14001089,Bexleyheath and Crayford,4.9
0,E14001090,Bicester and Woodstock,-12.4
1,E14001090,Bicester and Woodstock,-12.4
17,E14001090,Bicester and Woodstock,-12.4
2,E14001091,Birkenhead,44.6
9,E14001091,Birkenhead,44.6
10,E14001091,Birkenhead,44.6
14,E14001091,Birkenhead,44.6
5,E14001092,Birmingham Edgbaston,22.3
14,E14001092,Birmingham Edgbaston,22.3
19,E14001092,Birmingham Edgbaston,22.3
2,E14001093,Birmingham Erdington,27.5
23,E14001093,Birmingham Erdington,27.5
6,E14001094,Birmingham Hall Green and Moseley,21.6
7,E14001095,Birmingham Hodge Hill and Solihull North,17.6
8,E14001096,Birmingham Ladywood,36.4
2,E14001097,Birmingham Northfield,14.3
6,E14001098,Birmingham Perry Barr,22.8
4,E14001099,Birmingham Selly Oak,30.0
14,E14001099,Birmingham Selly Oak,30.0
19,E14001099,Birmingham Selly Oak,30.0
6,E14001100,Birmingham Yardley,21.1
7,E14001100,Birmingham Yardley,21.1
23,E14001100,Birmingham Yardley,21.1
9,E14001101,Bishop Auckland,16.5
6,E14001102,Blackburn,17.8
7,E14001102,Blackburn,17.8
23,E14001102,Blackburn,17.8
2,E14001103,Blackley and Middleton South,44.0
23,E14001103,Blackley and Middleton South,44.0
9,E14001104,Blackpool North and Fleetwood,11.1
10,E14001104,Blackpool North and Fleetwood,11.1
11,E14001104,Blackpool North and Fleetwood,11.1
14,E14001104,Blackpool North and Fleetwood,11.1
2,E14001105,Blackpool South,32.5
13,E14001105,Blackpool South,32.5
0,E14001106,Blaydon and Consett,35.8
9,E14001106,Blaydon and Consett,35.8
2,E14001107,Blyth and Ashington,34.4
9,E14001107,Blyth and Ashington,34.4
14,E14001107,Blyth and Ashington,34.4
10,E14001108,Bognor Regis and Littlehampton,-3.7
0,E14001109,Bolsover,14.9
9,E14001109,Bolsover,14.9
2,E14001110,Bolton North East,15.4
9,E14001110,Bolton North East,15.4
14,E14001110,Bolton North East,15.4
23,E14001110,Bolton North East,15.4
2,E14001111,Bolton South and Walkden,29.6
23,E14001111,Bolton South and Walkden,29.6
0,E14001112,Bolton West,11.1
2,E14001113,Bootle,64.4
9,E14001113,Bootle,64.4
23,E14001113,Bootle,64.4
11,E14001114,Boston and Skegness,-14.5
12,E14001115,Bournemouth East,12.2
4,E14001116,Bournemouth West,8.1
12,E14001116,Bournemouth West,8.1
0,E14001117,Bracknell,1.8
17,E14001117,Bracknell,1.8
6,E14001118,Bradford East,28.6
7,E14001118,Bradford East,28.6
23,E14001118,Bradford East,28.6
2,E14001119,Bradford South,21.1
23,E14001119,Bradford South,21.1
7,E14001120,Bradford West,23.4
0,E14001121,Braintree,-7.5
1,E14001121,Braintree,-7.5
17,E14001121,Braintree,-7.5
13,E14001122,Brent East,34.5
14,E14001123,Brent West,9.2
2,E14001124,Brentford and Isleworth,21.7
12,E14001124,Brentford and Isleworth,21.7
25,E14001124,Brentford and Isleworth,21.7
0,E14001125,Brentwood and Ongar,-13.8
1,E14001125,Brentwood and Ongar,-13.8
10,E14001125,Brentwood and Ongar,-13.8
17,E14001125,Brentwood and Ongar,-13.8
0,E14001126,Bridgwater,-3.4
10,E14001126,Bridgwater,-3.4
9,E14001127,Bridlington and The Wolds,-7.3
10,E14001127,Bridlington and The Wolds,-7.3
11,E14001127,Bridlington and The Wolds,-7.3
14,E14001127,Bridlington and The Wolds,-7.3
0,E14001128,Brigg and Immingham,-7.6
9,E14001128,Brigg and Immingham,-7.6
10,E14001128,Brigg and Immingham,-7.6
12,E14001129,Brighton Kemptown and Peacehaven,23.8
3,E14001130,Brighton Pavilion,20.1
4,E14001130,Brighton Pavilion,20.1
15,E14001131,Bristol Central,28.0
0,E14001132,Bristol East,31.0
10,E14001132,Bristol East,31.0
25,E14001132,Bristol East,31.0
0,E14001133,Bristol North East,30.5
10,E14001133,Bristol North East,30.5
12,E14001133,Bristol North East,30.5
25,E14001133,Bristol North East,30.5
0,E14001134,Bristol North West,35.6
1,E14001134,Bristol North West,35.6
4,E14001134,Bristol North West,35.6
17,E14001134,Bristol North West,35.6
0,E14001135,Bristol South,31.3
10,E14001135,Bristol South,31.3
25,E14001135,Bristol South,31.3
0,E14001136,Broadland and Fakenham,-1.5
1,E14001136,Broadland and Fakenham,-1.5
0,E14001137,Bromley and Biggin Hill,-0.6
1,E14001137,Bromley and Biggin Hill,-0.6
17,E14001137,Bromley and Biggin Hill,-0.6
0,E14001138,Bromsgrove,-6.0
1,E14001138,Bromsgrove,-6.0
17,E14001138,Bromsgrove,-6.0
0,E14001139,Broxbourne,-6.6
2,E14001139,Broxbourne,-6.6
10,E14001139,Broxbourne,-6.6
0,E14001140,Broxtowe,17.6
1,E14001140,Broxtowe,17.6
17,E14001140,Broxtowe,17.6
0,E14001141,Buckingham and Bletchley,5.0
1,E14001141,Buckingham and Bletchley,5.0
17,E14001141,Buckingham and Bletchley,5.0
2,E14001142,Burnley,11.4
11,E14001142,Burnley,11.4
14,E14001142,Burnley,11.4
0,E14001143,Burton and Uttoxeter,5.0
9,E14001143,Burton and Uttoxeter,5.0
10,E14001143,Burton and Uttoxeter,5.0
0,E14001144,Bury North,15.2
9,E14001144,Bury North,15.2
10,E14001144,Bury North,15.2
0,E14001145,Bury South,22.2
10,E14001145,Bury South,22.2
0,E14001146,Bury St Edmunds and Stowmarket,2.9
1,E14001146,Bury St Edmunds and Stowmarket,2.9
17,E14001146,Bury St Edmunds and Stowmarket,2.9
0,E14001147,Calder Valley,18.1
1,E14001147,Calder Valley,18.1
10,E14001147,Calder Valley,18.1
17,E14001147,Calder Valley,18.1
0,E14001148,Camborne and Redruth,16.3
10,E14001148,Camborne and Redruth,16.3
12,E14001148,Camborne and Redruth,16.3
3,E14001149,Cambridge,34.6
28,E14001149,Cambridge,34.6
0,E14001150,Cannock Chase,7.3
3,E14001151,Canterbury,18.4
4,E14001151,Canterbury,18.4
0,E14001152,Carlisle,11.3
9,E14001152,Carlisle,11.3
10,E14001152,Carlisle,11.3
0,E14001153,Carshalton and Wallington,-13.1
17,E14001153,Carshalton and Wallington,-13.1
0,E14001154,Castle Point,-14.8
9,E14001154,Castle Point,-14.8
10,E14001154,Castle Point,-14.8
11,E14001154,Castle Point,-14.8
1,E14001155,Central Devon,-0.1
10,E14001155,Central Devon,-0.1
0,E14001156,Central Suffolk and North Ipswich,-9.2
1,E14001156,Central Suffolk and North Ipswich,-9.2
17,E14001156,Central Suffolk and North Ipswich,-9.2
0,E14001157,Chatham and Aylesford,4.9
2,E14001157,Chatham and Aylesford,4.9
10,E14001157,Chatham and Aylesford,4.9
25,E14001157,Chatham and Aylesford,4.9
0,E14001158,Cheadle,-7.0
1,E14001158,Cheadle,-7.0
17,E14001158,Cheadle,-7.0
0,E14001159,Chelmsford,-18.5
17,E14001159,Chelmsford,-18.5
4,E14001160,Chelsea and Fulham,0.3
0,E14001161,Cheltenham,-30.7
1,E14001161,Cheltenham,-30.7
17,E14001161,Cheltenham,-30.7
28,E14001161,Cheltenham,-30.7
1,E14001162,Chesham and Amersham,-28.4
17,E14001162,Chesham and Amersham,-28.4
0,E14001163,Chester North and Neston,26.6
1,E14001163,Chester North and Neston,26.6
4,E14001163,Chester North and Neston,26.6
10,E14001163,Chester North and Neston,26.6
17,E14001163,Chester North and Neston,26.6
1,E14001164,Chester South and Eddisbury,-5.8
17,E14001164,Chester South and Eddisbury,-5.8
0,E14001165,Chesterfield,26.1
9,E14001165,Chesterfield,26.1
10,E14001165,Chesterfield,26.1
1,E14001166,Chichester,-19.6
0,E14001167,Chingford and Woodford Green,-9.8
2,E14001167,Chingford and Woodford Green,-9.8
10,E14001167,Chingford and Woodford Green,-9.8
25,E14001167,Chingford and Woodford Green,-9.8
0,E14001168,Chippenham,-21.2
1,E14001168,Chippenham,-21.2
17,E14001168,Chippenham,-21.2
0,E14001169,Chipping Barnet,5.7
25,E14001169,Chipping Barnet,5.7
0,E14001170,Chorley,0.0
1,E14001170,Chorley,0.0
17,E14001170,Chorley,0.0
1,E14001171,Christchurch,-19.4
10,E14001171,Christchurch,-19.4
26,E14001171,Christchurch,-19.4
16,E14001172,Cities of London and Westminster,6.9
4,E14001173,City of Durham,34.2
11,E14001174,Clacton,-11.7
3,E14001175,Clapham and Brixton Hill,46.3
4,E14001175,Clapham and Brixton Hill,46.3
0,E14001176,Colchester,18.4
17,E14001176,Colchester,18.4
0,E14001177,Colne Valley,10.7
1,E14001177,Colne Valley,10.7
17,E14001177,Colne Valley,10.7
0,E14001178,Congleton,6.8
1,E14001178,Congleton,6.8
17,E14001178,Congleton,6.8
0,E14001179,Corby and East Northamptonshire,12.8
10,E14001179,Corby and East Northamptonshire,12.8
2,E14001180,Coventry East,32.6
13,E14001180,Coventry East,32.6
0,E14001181,Coventry North West,26.6
2,E14001181,Coventry North West,26.6
10,E14001181,Coventry North West,26.6
25,E14001181,Coventry North West,26.6
4,E14001182,Coventry South,23.8
0,E14001183,Cramlington and Killingworth,30.2
0,E14001184,Crawley,11.4
10,E14001184,Crawley,11.4
25,E14001184,Crawley,11.4
0,E14001185,Crewe and Nantwich,20.6
10,E14001185,Crewe and Nantwich,20.6
0,E14001186,Croydon East,15.6
2,E14001186,Croydon East,15.6
10,E14001186,Croydon East,15.6
25,E14001186,Croydon East,15.6
0,E14001187,Croydon South,-4.7
17,E14001187,Croydon South,-4.7
2,E14001188,Croydon West,37.3
12,E14001188,Croydon West,37.3
25,E14001188,Croydon West,37.3
0,E14001189,Dagenham and Rainham,24.8
2,E14001189,Dagenham and Rainham,24.8
10,E14001189,Dagenham and Rainham,24.8
0,E14001190,Darlington,5.4
2,E14001190,Darlington,5.4
9,E14001190,Darlington,5.4
10,E14001190,Darlington,5.4
0,E14001191,Dartford,2.7
17,E14001191,Dartford,2.7
0,E14001192,Daventry,-5.7
1,E14001192,Daventry,-5.7
17,E14001192,Daventry,-5.7
0,E14001193,Derby North,21.8
10,E14001193,Derby North,21.8
2,E14001194,Derby South,24.9
14,E14001194,Derby South,24.9
23,E14001194,Derby South,24.9
1,E14001195,Derbyshire Dales,0.6
17,E14001195,Derbyshire Dales,0.6
7,E14001196,Dewsbury and Batley,11.9
23,E14001196,Dewsbury and Batley,11.9
17,E14001197,Didcot and Wantage,-13.7
2,E14001198,Doncaster Central,25.2
9,E14001198,Doncaster Central,25.2
10,E14001198,Doncaster Central,25.2
11,E14001198,Doncaster Central,25.2
14,E14001198,Doncaster Central,25.2
0,E14001199,Doncaster East and the Isle of Axholme,5.9
9,E14001199,Doncaster East and the Isle of Axholme,5.9
9,E14001200,Doncaster North,29.5
0,E14001201,Dorking and Horley,-23.0
1,E14001201,Dorking and Horley,-23.0
17,E14001201,Dorking and Horley,-23.0
0,E14001202,Dover and Deal,17.9
2,E14001202,Dover and Deal,17.9
10,E14001202,Dover and Deal,17.9
14,E14001202,Dover and Deal,17.9
0,E14001203,Droitwich and Evesham,-18.2
1,E14001203,Droitwich and Evesham,-18.2
10,E14001203,Droitwich and Evesham,-18.2
2,E14001204,Dudley,5.3
9,E14001204,Dudley,5.3
23,E14001204,Dudley,5.3
0,E14001205,Dulwich and West Norwood,51.8
4,E14001205,Dulwich and West Norwood,51.8
12,E14001205,Dulwich and West Norwood,51.8
25,E14001205,Dulwich and West Norwood,51.8
0,E14001206,Dunstable and Leighton Buzzard,1.4
17,E14001206,Dunstable and Leighton Buzzard,1.4
4,E14001207,Ealing Central and Acton,29.3
12,E14001207,Ealing Central and Acton,29.3
19,E14001207,Ealing Central and Acton,29.3
25,E14001207,Ealing Central and Acton,29.3
2,E14001208,Ealing North,29.0
14,E14001208,Ealing North,29.0
2,E14001209,Ealing Southall,33.7
13,E14001209,Ealing Southall,33.7
14,E14001209,Ealing Southall,33.7
0,E14001210,Earley and Woodley,1.9
17,E14001210,Earley and Woodley,1.9
9,E14001211,Easington,38.0
23,E14001211,Easington,38.0
1,E14001212,East Grinstead and Uckfield,-17.6
17,E14001212,East Grinstead and Uckfield,-17.6
6,E14001213,East Ham,41.4
7,E14001213,East Ham,41.4
13,E14001213,East Ham,41.4
1,E14001214,East Hampshire,-27.3
17,E14001214,East Hampshire,-27.3
0,E14001215,East Surrey,-15.2
1,E14001215,East Surrey,-15.2
17,E14001215,East Surrey,-15.2
2,E14001216,East Thanet,16.3
13,E14001216,East Thanet,16.3
0,E14001217,East Wiltshire,-10.0
1,E14001217,East Wiltshire,-10.0
17,E14001217,East Wiltshire,-10.0
0,E14001218,East Worthing and Shoreham,19.4
10,E14001218,East Worthing and Shoreham,19.4
10,E14001219,Eastbourne,-19.4
12,E14001219,Eastbourne,-19.4
0,E14001220,Eastleigh,-16.0
1,E14001220,Eastleigh,-16.0
17,E14001220,Eastleigh,-16.0
2,E14001221,Edmonton and Winchmore Hill,30.8
7,E14001221,Edmonton and Winchmore Hill,30.8
13,E14001221,Edmonton and Winchmore Hill,30.8
0,E14001222,Ellesmere Port and Bromborough,45.2
10,E14001222,Ellesmere Port and Bromborough,45.2
0,E14001223,Eltham and Chislehurst,18.5
10,E14001223,Eltham and Chislehurst,18.5
0,E14001224,Ely and East Cambridgeshire,-14.3
1,E14001224,Ely and East Cambridgeshire,-14.3
17,E14001224,Ely and East Cambridgeshire,-14.3
2,E14001225,Enfield North,29.3
13,E14001225,Enfield North,29.3
0,E14001226,Epping Forest,-13.6
10,E14001226,Epping Forest,-13.6
0,E14001227,Epsom and Ewell,-15.9
1,E14001227,Epsom and Ewell,-15.9
17,E14001227,Epsom and Ewell,-15.9
0,E14001228,Erewash,13.7
10,E14001228,Erewash,13.7
2,E14001229,Erith and Thamesmead,41.3
13,E14001229,Erith and Thamesmead,41.3
17,E14001230,Esher and Walton,-25.0
3,E14001231,Exeter,29.7
4,E14001231,Exeter,29.7
0,E14001232,Exmouth and Exeter East,-0.2
1,E14001232,Exmouth and Exeter East,-0.2
17,E14001232,Exmouth and Exeter East,-0.2
0,E14001233,Fareham and Waterlooville,-12.1
10,E14001233,Fareham and Waterlooville,-12.1
12,E14001233,Fareham and Waterlooville,-12.1
1,E14001234,Farnham and Bordon,-21.9
17,E14001234,Farnham and Bordon,-21.9
0,E14001235,Faversham and Mid Kent,-3.2
10,E14001235,Faversham and Mid Kent,-3.2
2,E14001236,Feltham and Heston,20.4
13,E14001236,Feltham and Heston,20.4
14,E14001236,Feltham and Heston,20.4
17,E14001237,Filton and Bradley Stoke,19.9
28,E14001237,Filton and Bradley Stoke,19.9
12,E14001238,Finchley and Golders Green,9.2
2,E14001239,Folkestone and Hythe,8.6
10,E14001239,Folkestone and Hythe,8.6
14,E14001239,Folkestone and Hythe,8.6
0,E14001240,Forest of Dean,0.5
1,E14001240,Forest of Dean,0.5
10,E14001240,Forest of Dean,0.5
0,E14001241,Frome and East Somerset,-10.2
1,E14001241,Frome and East Somerset,-10.2
17,E14001241,Frome and East Somerset,-10.2
1,E14001242,Fylde,-1.2
0,E14001243,Gainsborough,-7.5
1,E14001243,Gainsborough,-7.5
9,E14001243,Gainsborough,-7.5
10,E14001243,Gainsborough,-7.5
0,E14001244,Gateshead Central and Whickham,33.9
2,E14001244,Gateshead Central and Whickham,33.9
9,E14001244,Gateshead Central and Whickham,33.9
14,E14001244,Gateshead Central and Whickham,33.9
0,E14001245,Gedling,24.4
1,E14001245,Gedling,24.4
17,E14001245,Gedling,24.4
0,E14001246,Gillingham and Rainham,9.6
2,E14001246,Gillingham and Rainham,9.6
10,E14001246,Gillingham and Rainham,9.6
12,E14001246,Gillingham and Rainham,9.6
25,E14001246,Gillingham and Rainham,9.6
1,E14001247,Glastonbury and Somerton,-22.4
0,E14001248,Gloucester,7.6
10,E14001248,Gloucester,7.6
25,E14001248,Gloucester,7.6
1,E14001249,Godalming and Ash,-37.6
17,E14001249,Godalming and Ash,-37.6
0,E14001250,Goole and Pocklington,-7.2
1,E14001250,Goole and Pocklington,-7.2
17,E14001250,Goole and Pocklington,-7.2
2,E14001251,Gorton and Denton,42.9
23,E14001251,Gorton and Denton,42.9
0,E14001252,Gosport,-13.7
1,E14001252,Gosport,-13.7
10,E14001252,Gosport,-13.7
0,E14001253,Grantham and Bourne,-9.8
1,E14001253,Grantham and Bourne,-9.8
10,E14001253,Grantham and Bourne,-9.8
0,E14001254,Gravesham,6.3
2,E14001254,Gravesham,6.3
10,E14001254,Gravesham,6.3
2,E14001255,Great Grimsby and Cleethorpes,19.3
9,E14001255,Great Grimsby and Cleethorpes,19.3
11,E14001255,Great Grimsby and Cleethorpes,19.3
2,E14001256,Great Yarmouth,7.2
11,E14001256,Great Yarmouth,7.2
0,E14001257,Greenwich and Woolwich,44.8
4,E14001257,Greenwich and Woolwich,44.8
25,E14001257,Greenwich and Woolwich,44.8
3,E14001258,Guildford,-21.9
28,E14001258,Guildford,-21.9
13,E14001259,Hackney North and Stoke Newington,51.1
21,E14001259,Hackney North and Stoke Newington,51.1
27,E14001259,Hackney North and Stoke Newington,51.1
5,E14001260,Hackney South and Shoreditch,54.3
19,E14001260,Hackney South and Shoreditch,54.3
25,E14001260,Hackney South and Shoreditch,54.3
0,E14001261,Halesowen,11.3
2,E14001261,Halesowen,11.3
9,E14001261,Halesowen,11.3
10,E14001261,Halesowen,11.3
2,E14001262,Halifax,15.5
9,E14001262,Halifax,15.5
10,E14001262,Halifax,15.5
14,E14001262,Halifax,15.5
1,E14001263,Hamble Valley,-20.2
17,E14001263,Hamble Valley,-20.2
4,E14001264,Hammersmith and Chiswick,33.2
12,E14001264,Hammersmith and Chiswick,33.2
16,E14001264,Hammersmith and Chiswick,33.2
12,E14001265,Hampstead and Highgate,30.9
16,E14001265,Hampstead and Highgate,30.9
0,E14001266,"Harborough, Oadby and Wigston",-4.7
1,E14001266,"Harborough, Oadby and Wigston",-4.7
17,E14001266,"Harborough, Oadby and Wigston",-4.7
0,E14001267,Harlow,5.8
2,E14001267,Harlow,5.8
10,E14001267,Harlow,5.8
12,E14001267,Harlow,5.8
25,E14001267,Harlow,5.8
1,E14001268,Harpenden and Berkhamsted,-23.0
17,E14001268,Harpenden and Berkhamsted,-23.0
0,E14001269,Harrogate and Knaresborough,-22.2
1,E14001269,Harrogate and Knaresborough,-22.2
17,E14001269,Harrogate and Knaresborough,-22.2
9,E14001270,Harrow East,-24.4
10,E14001270,Harrow East,-24.4
14,E14001270,Harrow East,-24.4
0,E14001271,Harrow West,14.6
19,E14001271,Harrow West,14.6
25,E14001271,Harrow West,14.6
9,E14001272,Hartlepool,24.3
14,E14001272,Hartlepool,24.3
23,E14001272,Hartlepool,24.3
0,E14001273,Harwich and North Essex,-2.4
1,E14001273,Harwich and North Essex,-2.4
10,E14001273,Harwich and North Essex,-2.4
2,E14001274,Hastings and Rye,18.8
10,E14001274,Hastings and Rye,18.8
14,E14001274,Hastings and Rye,18.8
0,E14001275,Havant,-0.2
2,E14001275,Havant,-0.2
10,E14001275,Havant,-0.2
2,E14001276,Hayes and Harlington,31.4
13,E14001276,Hayes and Harlington,31.4
14,E14001276,Hayes and Harlington,31.4
0,E14001277,Hazel Grove,3.9
1,E14001277,Hazel Grove,3.9
10,E14001277,Hazel Grove,3.9
17,E14001277,Hazel Grove,3.9
0,E14001278,Hemel Hempstead,11.0
25,E14001278,Hemel Hempstead,11.0
12,E14001279,Hendon,0.0
25,E14001279,Hendon,0.0
1,E14001280,Henley and Thame,-26.5
17,E14001280,Henley and Thame,-26.5
0,E14001281,Hereford and South Herefordshire,-2.8
1,E14001281,Hereford and South Herefordshire,-2.8
10,E14001281,Hereford and South Herefordshire,-2.8
0,E14001282,Herne Bay and Sandwich,-5.1
9,E14001282,Herne Bay and Sandwich,-5.1
10,E14001282,Herne Bay and Sandwich,-5.1
0,E14001283,Hertford and Stortford,8.8
17,E14001283,Hertford and Stortford,8.8
0,E14001284,Hertsmere,-16.7
1,E14001284,Hertsmere,-16.7
10,E14001284,Hertsmere,-16.7
17,E14001284,Hertsmere,-16.7
1,E14001285,Hexham,7.2
2,E14001286,Heywood and Middleton North,23.3
10,E14001286,Heywood and Middleton North,23.3
0,E14001287,High Peak,16.1
1,E14001287,High Peak,16.1
17,E14001287,High Peak,16.1
0,E14001288,Hinckley and Bosworth,-17.6
1,E14001288,Hinckley and Bosworth,-17.6
17,E14001288,Hinckley and Bosworth,-17.6
0,E14001289,Hitchin,15.4
17,E14001289,Hitchin,15.4
16,E14001290,Holborn and St Pancras,41.7
1,E14001291,Honiton and Sidmouth,-26.4
26,E14001291,Honiton and Sidmouth,-26.4
0,E14001292,Hornchurch and Upminster,-4.9
2,E14001292,Hornchurch and Upminster,-4.9
10,E14001292,Hornchurch and Upminster,-4.9
4,E14001293,Hornsey and Friern Barnet,50.5
12,E14001293,Hornsey and Friern Barnet,50.5
25,E14001293,Hornsey and Friern Barnet,50.5
0,E14001294,Horsham,-23.6
1,E14001294,Horsham,-23.6
17,E14001294,Horsham,-23.6
2,E14001295,Houghton and Sunderland South,33.3
9,E14001295,Houghton and Sunderland South,33.3
23,E14001295,Houghton and Sunderland South,33.3
4,E14001296,Hove and Portslade,39.6
12,E14001296,Hove and Portslade,39.6
25,E14001296,Hove and Portslade,39.6
2,E14001297,Huddersfield,21.3
9,E14001297,Huddersfield,21.3
14,E14001297,Huddersfield,21.3
0,E14001298,Huntingdon,-2.9
1,E14001298,Huntingdon,-2.9
17,E14001298,Huntingdon,-2.9
2,E14001299,Hyndburn,4.6
9,E14001299,Hyndburn,4.6
10,E14001299,Hyndburn,4.6
14,E14001299,Hyndburn,4.6
0,E14001300,Ilford North,12.9
2,E14001300,Ilford North,12.9
14,E14001300,Ilford North,12.9
2,E14001301,Ilford South,25.3
13,E14001301,Ilford South,25.3
14,E14001301,Ilford South,25.3
0,E14001302,Ipswich,16.8
2,E14001302,Ipswich,16.8
10,E14001302,Ipswich,16.8
10,E14001303,Isle of Wight East,-12.2
0,E14001304,Isle of Wight West,9.3
1,E14001304,Isle of Wight West,9.3
10,E14001304,Isle of Wight West,9.3
26,E14001304,Isle of Wight West,9.3
12,E14001305,Islington North,30.4
25,E14001305,Islington North,30.4
4,E14001306,Islington South and Finsbury,45.3
19,E14001306,Islington South and Finsbury,45.3
25,E14001306,Islington South and Finsbury,45.3
2,E14001307,Jarrow and Gateshead East,42.2
9,E14001307,Jarrow and Gateshead East,42.2
23,E14001307,Jarrow and Gateshead East,42.2
0,E14001308,Keighley and Ilkley,-3.5
9,E14001308,Keighley and Ilkley,-3.5
10,E14001308,Keighley and Ilkley,-3.5
1,E14001309,Kenilworth and Southam,-12.4
17,E14001309,Kenilworth and Southam,-12.4
16,E14001310,Kensington and Bayswater,6.9
0,E14001311,Kettering,7.7
10,E14001311,Kettering,7.7
17,E14001311,Kettering,7.7
0,E14001312,Kingston and Surbiton,-4.0
4,E14001312,Kingston and Surbiton,-4.0
17,E14001312,Kingston and Surbiton,-4.0
2,E14001313,Kingston upon Hull East,34.7
23,E14001313,Kingston upon Hull East,34.7
0,E14001314,Kingston upon Hull North and Cottingham,35.5
9,E14001314,Kingston upon Hull North and Cottingham,35.5
14,E14001314,Kingston upon Hull North and Cottingham,35.5
19,E14001314,Kingston upon Hull North and Cottingham,35.5
0,E14001315,Kingston upon Hull West and Haltemprice,28.7
2,E14001315,Kingston upon Hull West and Haltemprice,28.7
9,E14001315,Kingston upon Hull West and Haltemprice,28.7
10,E14001315,Kingston upon Hull West and Haltemprice,28.7
0,E14001316,Kingswinford and South Staffordshire,-14.0
1,E14001316,Kingswinford and South Staffordshire,-14.0
10,E14001316,Kingswinford and South Staffordshire,-14.0
2,E14001317,Knowsley,63.1
23,E14001317,Knowsley,63.1
3,E14001318,Lancaster and Wyre,21.5
4,E14001318,Lancaster and Wyre,21.5
18,E14001319,Leeds Central and Headingley,43.1
2,E14001320,Leeds East,29.7
0,E14001321,Leeds North East,35.6
0,E14001322,Leeds North West,23.9
1,E14001322,Leeds North West,23.9
17,E14001322,Leeds North West,23.9
2,E14001323,Leeds South,40.8
13,E14001323,Leeds South,40.8
0,E14001324,Leeds South West and Morley,21.0
10,E14001324,Leeds South West and Morley,21.0
0,E14001325,Leeds West and Pudsey,32.2
2,E14001325,Leeds West and Pudsey,32.2
10,E14001325,Leeds West and Pudsey,32.2
25,E14001325,Leeds West and Pudsey,32.2
7,E14001326,Leicester East,-9.5
5,E14001327,Leicester South,21.4
13,E14001327,Leicester South,21.4
2,E14001328,Leicester West,24.8
13,E14001328,Leicester West,24.8
0,E14001329,Leigh and Atherton,32.8
2,E14001329,Leigh and Atherton,32.8
9,E14001329,Leigh and Atherton,32.8
10,E14001329,Leigh and Atherton,32.8
0,E14001330,Lewes,-20.1
1,E14001330,Lewes,-20.1
10,E14001330,Lewes,-20.1
26,E14001330,Lewes,-20.1
2,E14001331,Lewisham East,47.4
12,E14001331,Lewisham East,47.4
25,E14001331,Lewisham East,47.4
4,E14001332,Lewisham North,51.6
12,E14001332,Lewisham North,51.6
25,E14001332,Lewisham North,51.6
0,E14001333,Lewisham West and East Dulwich,51.5
25,E14001333,Lewisham West and East Dulwich,51.5
0,E14001334,Leyton and Wanstead,36.4
19,E14001334,Leyton and Wanstead,36.4
25,E14001334,Leyton and Wanstead,36.4
0,E14001335,Lichfield,1.7
1,E14001335,Lichfield,1.7
17,E14001335,Lichfield,1.7
0,E14001336,Lincoln,20.8
4,E14001336,Lincoln,20.8
12,E14001336,Lincoln,20.8
19,E14001336,Lincoln,20.8
0,E14001337,Liverpool Garston,51.4
2,E14001337,Liverpool Garston,51.4
9,E14001337,Liverpool Garston,51.4
10,E14001337,Liverpool Garston,51.4
5,E14001338,Liverpool Riverside,58.3
20,E14001338,Liverpool Riverside,58.3
2,E14001339,Liverpool Walton,67.1
23,E14001339,Liverpool Walton,67.1
14,E14001340,Liverpool Wavertree,53.3
19,E14001340,Liverpool Wavertree,53.3
20,E14001340,Liverpool Wavertree,53.3
2,E14001341,Liverpool West Derby,62.5
23,E14001341,Liverpool West Derby,62.5
3,E14001342,Loughborough,11.7
28,E14001342,Loughborough,11.7
9,E14001343,Louth and Horncastle,-15.0
10,E14001343,Louth and Horncastle,-15.0
11,E14001343,Louth and Horncastle,-15.0
14,E14001343,Louth and Horncastle,-15.0
2,E14001344,Lowestoft,4.8
10,E14001344,Lowestoft,4.8
11,E14001344,Lowestoft,4.8
0,E14001345,Luton North,19.4
2,E14001345,Luton North,19.4
9,E14001345,Luton North,19.4
14,E14001345,Luton North,19.4
2,E14001346,Luton South and South Bedfordshire,17.9
13,E14001346,Luton South and South Bedfordshire,17.9
0,E14001347,Macclesfield,17.2
1,E14001347,Macclesfield,17.2
17,E14001347,Macclesfield,17.2
0,E14001348,Maidenhead,-26.1
1,E14001348,Maidenhead,-26.1
17,E14001348,Maidenhead,-26.1
0,E14001349,Maidstone and Malling,-3.6
17,E14001349,Maidstone and Malling,-3.6
0,E14001350,Makerfield,34.3
2,E14001350,Makerfield,34.3
9,E14001350,Makerfield,34.3
10,E14001350,Makerfield,34.3
0,E14001351,Maldon,-19.2
1,E14001351,Maldon,-19.2
10,E14001351,Maldon,-19.2
19,E14001352,Manchester Central,43.7
20,E14001353,Manchester Rusholme,46.1
3,E14001354,Manchester Withington,47.4
4,E14001354,Manchester Withington,47.4
28,E14001354,Manchester Withington,47.4
0,E14001355,Mansfield,8.5
2,E14001355,Mansfield,8.5
9,E14001355,Mansfield,8.5
10,E14001355,Mansfield,8.5
11,E14001355,Mansfield,8.5
1,E14001356,Melksham and Devizes,-25.4
17,E14001356,Melksham and Devizes,-25.4
0,E14001357,Melton and Syston,-11.7
1,E14001357,Melton and Syston,-11.7
17,E14001357,Melton and Syston,-11.7
0,E14001358,Meriden and Solihull East,-10.4
10,E14001358,Meriden and Solihull East,-10.4
0,E14001359,Mid Bedfordshire,-2.7
17,E14001359,Mid Bedfordshire,-2.7
1,E14001360,Mid Buckinghamshire,-20.3
17,E14001360,Mid Buckinghamshire,-20.3
0,E14001361,Mid Cheshire,21.5
10,E14001361,Mid Cheshire,21.5
0,E14001362,Mid Derbyshire,4.0
1,E14001362,Mid Derbyshire,4.0
17,E14001362,Mid Derbyshire,4.0
1,E14001363,Mid Dorset and North Poole,-31.4
17,E14001363,Mid Dorset and North Poole,-31.4
0,E14001364,Mid Leicestershire,-4.6
1,E14001364,Mid Leicestershire,-4.6
17,E14001364,Mid Leicestershire,-4.6
0,E14001365,Mid Norfolk,-6.6
1,E14001365,Mid Norfolk,-6.6
10,E14001365,Mid Norfolk,-6.6
1,E14001366,Mid Sussex,-9.5
17,E14001366,Mid Sussex,-9.5
6,E14001367,Middlesbrough and Thornaby East,29.3
23,E14001367,Middlesbrough and Thornaby East,29.3
9,E14001368,Middlesbrough South and East Cleveland,0.6
0,E14001369,Milton Keynes Central,15.2
12,E14001369,Milton Keynes Central,15.2
17,E14001369,Milton Keynes Central,15.2
25,E14001369,Milton Keynes Central,15.2
0,E14001370,Milton Keynes North,11.8
17,E14001370,Milton Keynes North,11.8
0,E14001371,Mitcham and Morden,41.4
2,E14001371,Mitcham and Morden,41.4
10,E14001371,Mitcham and Morden,41.4
25,E14001371,Mitcham and Morden,41.4
0,E14001372,Morecambe and Lunesdale,12.1
1,E14001372,Morecambe and Lunesdale,12.1
10,E14001372,Morecambe and Lunesdale,12.1
0,E14001373,New Forest East,-18.8
1,E14001373,New Forest East,-18.8
10,E14001373,New Forest East,-18.8
1,E14001374,New Forest West,-12.1
26,E14001374,New Forest West,-12.1
0,E14001375,Newark,-6.7
1,E14001375,Newark,-6.7
10,E14001375,Newark,-6.7
0,E14001376,Newbury,-27.8
1,E14001376,Newbury,-27.8
17,E14001376,Newbury,-27.8
14,E14001377,Newcastle upon Tyne Central and West,35.4
19,E14001377,Newcastle upon Tyne Central and West,35.4
9,E14001378,Newcastle upon Tyne East and Wallsend,41.8
14,E14001378,Newcastle upon Tyne East and Wallsend,41.8
19,E14001378,Newcastle upon Tyne East and Wallsend,41.8
3,E14001379,Newcastle upon Tyne North,36.6
4,E14001379,Newcastle upon Tyne North,36.6
28,E14001379,Newcastle upon Tyne North,36.6
0,E14001380,Newcastle-under-Lyme,12.8
10,E14001380,Newcastle-under-Lyme,12.8
0,E14001381,Newton Abbot,-12.2
1,E14001381,Newton Abbot,-12.2
10,E14001381,Newton Abbot,-12.2
0,E14001382,Newton Aycliffe and Spennymoor,25.6
9,E14001382,Newton Aycliffe and Spennymoor,25.6
9,E14001383,Normanton and Hemsworth,33.8
0,E14001384,North Bedfordshire,-10.5
1,E14001384,North Bedfordshire,-10.5
17,E14001384,North Bedfordshire,-10.5
1,E14001385,North Cornwall,-21.8
10,E14001385,North Cornwall,-21.8
1,E14001386,North Cotswolds,-17.6
17,E14001386,North Cotswolds,-17.6
0,E14001387,North Devon,-23.0
1,E14001387,North Devon,-23.0
10,E14001387,North Devon,-23.0
1,E14001388,North Dorset,-27.8
9,E14001389,North Durham,24.2
9,E14001390,North East Cambridgeshire,-21.1
10,E14001390,North East Cambridgeshire,-21.1
11,E14001390,North East Cambridgeshire,-21.1
0,E14001391,North East Derbyshire,3.9
1,E14001391,North East Derbyshire,3.9
9,E14001391,North East Derbyshire,3.9
10,E14001391,North East Derbyshire,3.9
17,E14001392,North East Hampshire,-27.9
0,E14001393,North East Hertfordshire,3.7
1,E14001393,North East Hertfordshire,3.7
17,E14001393,North East Hertfordshire,3.7
0,E14001394,North East Somerset and Hanham,10.4
1,E14001394,North East Somerset and Hanham,10.4
17,E14001394,North East Somerset and Hanham,10.4
1,E14001395,North Herefordshire,-25.1
26,E14001395,North Herefordshire,-25.1
10,E14001396,North Norfolk,-29.8
26,E14001396,North Norfolk,-29.8
1,E14001397,North Northumberland,10.4
9,E14001397,North Northumberland,10.4
10,E14001397,North Northumberland,10.4
0,E14001398,North Shropshire,-15.1
1,E14001398,North Shropshire,-15.1
10,E14001398,North Shropshire,-15.1
1,E14001399,North Somerset,1.2
17,E14001399,North Somerset,1.2
0,E14001400,North Warwickshire and Bedworth,5.4
9,E14001400,North Warwickshire and Bedworth,5.4
10,E14001400,North Warwickshire and Bedworth,5.4
0,E14001401,North West Cambridgeshire,0.1
17,E14001401,North West Cambridgeshire,0.1
0,E14001402,North West Essex,-4.8
1,E14001402,North West Essex,-4.8
17,E14001402,North West Essex,-4.8
0,E14001403,North West Hampshire,-6.5
1,E14001403,North West Hampshire,-6.5
17,E14001403,North West Hampshire,-6.5
0,E14001404,North West Leicestershire,2.0
17,E14001404,North West Leicestershire,2.0
9,E14001405,North West Norfolk,-11.1
10,E14001405,North West Norfolk,-11.1
11,E14001405,North West Norfolk,-11.1
0,E14001406,Northampton North,21.5
2,E14001406,Northampton North,21.5
10,E14001406,Northampton North,21.5
0,E14001407,Northampton South,9.3
17,E14001407,Northampton South,9.3
0,E14001408,Norwich North,23.7
10,E14001408,Norwich North,23.7
3,E14001409,Norwich South,34.7
4,E14001409,Norwich South,34.7
4,E14001410,Nottingham East,42.8
19,E14001410,Nottingham East,42.8
20,E14001410,Nottingham East,42.8
2,E14001411,Nottingham North and Kimberley,27.7
11,E14001411,Nottingham North and Kimberley,27.7
23,E14001411,Nottingham North and Kimberley,27.7
4,E14001412,Nottingham South,31.3
0,E14001413,Nuneaton,8.4
10,E14001413,Nuneaton,8.4
0,E14001414,Old Bexley and Sidcup,-7.4
1,E14001414,Old Bexley and Sidcup,-7.4
17,E14001414,Old Bexley and Sidcup,-7.4
2,E14001415,Oldham East and Saddleworth,18.1
9,E14001415,Oldham East and Saddleworth,18.1
14,E14001415,Oldham East and Saddleworth,18.1
2,E14001416,"Oldham West, Chadderton and Royton",23.8
7,E14001416,"Oldham West, Chadderton and Royton",23.8
23,E14001416,"Oldham West, Chadderton and Royton",23.8
0,E14001417,Orpington,-11.1
1,E14001417,Orpington,-11.1
17,E14001417,Orpington,-11.1
0,E14001418,Ossett and Denby Dale,10.4
1,E14001418,Ossett and Denby Dale,10.4
3,E14001419,Oxford East,37.7
4,E14001419,Oxford East,37.7
3,E14001420,Oxford West and Abingdon,-5.5
28,E14001420,Oxford West and Abingdon,-5.5
4,E14001421,Peckham,52.9
12,E14001421,Peckham,52.9
19,E14001421,Peckham,52.9
25,E14001421,Peckham,52.9
0,E14001422,Pendle and Clitheroe,1.9
2,E14001422,Pendle and Clitheroe,1.9
9,E14001422,Pendle and Clitheroe,1.9
10,E14001422,Pendle and Clitheroe,1.9
14,E14001422,Pendle and Clitheroe,1.9
0,E14001423,Penistone and Stocksbridge,19.9
1,E14001423,Penistone and Stocksbridge,19.9
0,E14001424,Penrith and Solway,10.7
1,E14001424,Penrith and Solway,10.7
10,E14001424,Penrith and Solway,10.7
2,E14001425,Peterborough,0.2
11,E14001425,Peterborough,0.2
0,E14001426,Plymouth Moor View,13.1
2,E14001426,Plymouth Moor View,13.1
9,E14001426,Plymouth Moor View,13.1
10,E14001426,Plymouth Moor View,13.1
4,E14001427,Plymouth Sutton and Devonport,33.1
12,E14001427,Plymouth Sutton and Devonport,33.1
19,E14001427,Plymouth Sutton and Devonport,33.1
2,E14001428,"Pontefract, Castleford and Knottingley",32.5
0,E14001429,Poole,0.0
1,E14001429,Poole,0.0
10,E14001429,Poole,0.0
4,E14001430,Poplar and Limehouse,32.1
19,E14001430,Poplar and Limehouse,32.1
0,E14001431,Portsmouth North,1.8
2,E14001431,Portsmouth North,1.8
10,E14001431,Portsmouth North,1.8
4,E14001432,Portsmouth South,33.9
12,E14001432,Portsmouth South,33.9
0,E14001433,Preston,22.0
2,E14001433,Preston,22.0
10,E14001433,Preston,22.0
14,E14001433,Preston,22.0
19,E14001433,Preston,22.0
4,E14001434,Putney,25.3
21,E14001435,Queen's Park and Maida Vale,39.2
2,E14001436,Rawmarsh and Conisbrough,35.7
9,E14001436,Rawmarsh and Conisbrough,35.7
0,E14001437,Rayleigh and Wickford,-12.4
1,E14001437,Rayleigh and Wickford,-12.4
17,E14001437,Rayleigh and Wickford,-12.4
0,E14001438,Reading Central,27.9
4,E14001438,Reading Central,27.9
12,E14001438,Reading Central,27.9
25,E14001438,Reading Central,27.9
0,E14001439,Reading West and Mid Berkshire,3.0
1,E14001439,Reading West and Mid Berkshire,3.0
17,E14001439,Reading West and Mid Berkshire,3.0
2,E14001440,Redcar,8.7
9,E14001440,Redcar,8.7
14,E14001440,Redcar,8.7
0,E14001441,Redditch,1.8
2,E14001441,Redditch,1.8
10,E14001441,Redditch,1.8
0,E14001442,Reigate,-6.0
1,E14001442,Reigate,-6.0
17,E14001442,Reigate,-6.0
0,E14001443,Ribble Valley,1.6
1,E14001443,Ribble Valley,1.6
17,E14001443,Ribble Valley,1.6
0,E14001444,Richmond and Northallerton,-25.1
1,E14001444,Richmond and Northallerton,-25.1
17,E14001445,Richmond Park,-12.3
2,E14001446,Rochdale,22.0
7,E14001446,Rochdale,22.0
13,E14001446,Rochdale,22.0
0,E14001447,Rochester and Strood,6.9
10,E14001447,Rochester and Strood,6.9
25,E14001447,Rochester and Strood,6.9
0,E14001448,Romford,-3.3
10,E14001448,Romford,-3.3
0,E14001449,Romsey and Southampton North,-30.5
1,E14001449,Romsey and Southampton North,-30.5
17,E14001449,Romsey and Southampton North,-30.5
0,E14001450,Rossendale and Darwen,12.6
10,E14001450,Rossendale and Darwen,12.6
0,E14001451,Rother Valley,2.4
9,E14001451,Rother Valley,2.4
2,E14001452,Rotherham,45.1
23,E14001452,Rotherham,45.1
0,E14001453,Rugby,9.1
1,E14001453,Rugby,9.1
17,E14001453,Rugby,9.1
0,E14001454,"Ruislip, Northwood and Pinner",-16.1
17,E14001454,"Ruislip, Northwood and Pinner",-16.1
0,E14001455,Runcorn and Helsby,36.9
9,E14001455,Runcorn and Helsby,36.9
10,E14001455,Runcorn and Helsby,36.9
0,E14001456,Runnymede and Weybridge,-17.6
1,E14001456,Runnymede and Weybridge,-17.6
17,E14001456,Runnymede and Weybridge,-17.6
1,E14001457,Rushcliffe,12.9
17,E14001457,Rushcliffe,12.9
1,E14001458,Rutland and Stamford,-21.4
26,E14001458,Rutland and Stamford,-21.4
19,E14001459,Salford,44.2
1,E14001460,Salisbury,-7.6
17,E14001460,Salisbury,-7.6
10,E14001461,Scarborough and Whitby,12.3
14,E14001461,Scarborough and Whitby,12.3
9,E14001462,Scunthorpe,9.1
0,E14001463,Sefton Central,38.5
1,E14001463,Sefton Central,38.5
0,E14001464,Selby,20.7
1,E14001464,Selby,20.7
17,E14001464,Selby,20.7
0,E14001465,Sevenoaks,-23.1
1,E14001465,Sevenoaks,-23.1
17,E14001465,Sevenoaks,-23.1
2,E14001466,Sheffield Brightside and Hillsborough,38.7
7,E14001466,Sheffield Brightside and Hillsborough,38.7
23,E14001466,Sheffield Brightside and Hillsborough,38.7
22,E14001467,Sheffield Central,44.7
1,E14001468,Sheffield Hallam,34.3
17,E14001468,Sheffield Hallam,34.3
2,E14001469,Sheffield Heeley,41.6
2,E14001470,Sheffield South East,34.8
11,E14001470,Sheffield South East,34.8
23,E14001470,Sheffield South East,34.8
0,E14001471,Sherwood Forest,11.2
10,E14001471,Sherwood Forest,11.2
0,E14001472,Shipley,17.8
1,E14001472,Shipley,17.8
10,E14001472,Shipley,17.8
0,E14001473,Shrewsbury,22.0
1,E14001473,Shrewsbury,22.0
17,E14001473,Shrewsbury,22.0
0,E14001474,Sittingbourne and Sheppey,0.9
2,E14001474,Sittingbourne and Sheppey,0.9
1,E14001475,Skipton and Ripon,-3.1
1,E14001476,Sleaford and North Hykeham,-8.9
26,E14001476,Sleaford and North Hykeham,-8.9
0,E14001477,Slough,16.7
2,E14001477,Slough,16.7
25,E14001477,Slough,16.7
23,E14001478,Smethwick,35.1
0,E14001479,Solihull West and Shirley,-9.8
1,E14001479,Solihull West and Shirley,-9.8
17,E14001479,Solihull West and Shirley,-9.8
0,E14001480,South Basildon and East Thurrock,4.8
2,E14001480,South Basildon and East Thurrock,4.8
10,E14001480,South Basildon and East Thurrock,4.8
1,E14001481,South Cambridgeshire,-16.3
17,E14001481,South Cambridgeshire,-16.3
1,E14001482,South Cotswolds,-26.9
17,E14001482,South Cotswolds,-26.9
0,E14001483,South Derbyshire,9.1
1,E14001483,South Derbyshire,9.1
17,E14001483,South Derbyshire,9.1
1,E14001484,South Devon,-25.2
10,E14001484,South Devon,-25.2
26,E14001484,South Devon,-25.2
1,E14001485,South Dorset,2.1
10,E14001485,South Dorset,2.1
1,E14001486,South East Cornwall,3.9
10,E14001486,South East Cornwall,3.9
26,E14001486,South East Cornwall,3.9
0,E14001487,South Holland and The Deepings,-18.2
10,E14001487,South Holland and The Deepings,-18.2
0,E14001488,South Leicestershire,-10.8
1,E14001488,South Leicestershire,-10.8
17,E14001488,South Leicestershire,-10.8
0,E14001489,South Norfolk,5.7
1,E14001489,South Norfolk,5.7
17,E14001489,South Norfolk,5.7
0,E14001490,South Northamptonshire,-6.8
1,E14001490,South Northamptonshire,-6.8
17,E14001490,South Northamptonshire,-6.8
0,E14001491,South Ribble,13.9
1,E14001491,South Ribble,13.9
17,E14001491,South Ribble,13.9
9,E14001492,South Shields,29.9
14,E14001492,South Shields,29.9
1,E14001493,South Shropshire,-20.7
10,E14001493,South Shropshire,-20.7
26,E14001493,South Shropshire,-20.7
0,E14001494,South Suffolk,-6.3
1,E14001494,South Suffolk,-6.3
1,E14001495,South West Devon,-4.0
17,E14001495,South West Devon,-4.0
0,E14001496,South West Hertfordshire,-14.1
1,E14001496,South West Hertfordshire,-14.1
17,E14001496,South West Hertfordshire,-14.1
9,E14001497,South West Norfolk,1.4
10,E14001497,South West Norfolk,1.4
0,E14001498,South West Wiltshire,-7.0
1,E14001498,South West Wiltshire,-7.0
10,E14001498,South West Wiltshire,-7.0
0,E14001499,Southampton Itchen,16.1
10,E14001499,Southampton Itchen,16.1
12,E14001499,Southampton Itchen,16.1
25,E14001499,Southampton Itchen,16.1
0,E14001500,Southampton Test,26.0
12,E14001500,Southampton Test,26.0
19,E14001500,Southampton Test,26.0
25,E14001500,Southampton Test,26.0
2,E14001501,Southend East and Rochford,10.1
12,E14001501,Southend East and Rochford,10.1
10,E14001502,Southend West and Leigh,4.1
2,E14001503,Southgate and Wood Green,33.5
25,E14001503,Southgate and Wood Green,33.5
10,E14001504,Southport,12.9
0,E14001505,Spelthorne,-3.4
17,E14001505,Spelthorne,-3.4
0,E14001506,Spen Valley,15.2
10,E14001506,Spen Valley,15.2
17,E14001507,St Albans,-8.1
0,E14001508,St Austell and Newquay,5.2
10,E14001508,St Austell and Newquay,5.2
12,E14001508,St Austell and Newquay,5.2
0,E14001509,St Helens North,41.5
9,E14001509,St Helens North,41.5
0,E14001510,St Helens South and Whiston,41.7
2,E14001510,St Helens South and Whiston,41.7
9,E14001510,St Helens South and Whiston,41.7
10,E14001510,St Helens South and Whiston,41.7
1,E14001511,St Ives,-17.6
10,E14001511,St Ives,-17.6
26,E14001511,St Ives,-17.6
17,E14001512,St Neots and Mid Cambridgeshire,-15.1
0,E14001513,Stafford,10.0
1,E14001513,Stafford,10.0
10,E14001513,Stafford,10.0
17,E14001513,Stafford,10.0
1,E14001514,Staffordshire Moorlands,-2.8
10,E14001514,Staffordshire Moorlands,-2.8
0,E14001515,Stalybridge and Hyde,25.3
2,E14001515,Stalybridge and Hyde,25.3
10,E14001515,Stalybridge and Hyde,25.3
0,E14001516,Stevenage,15.5
25,E14001516,Stevenage,15.5
0,E14001517,Stockport,38.5
2,E14001517,Stockport,38.5
25,E14001517,Stockport,38.5
9,E14001518,Stockton North,24.3
23,E14001518,Stockton North,24.3
0,E14001519,Stockton West,-4.4
1,E14001519,Stockton West,-4.4
17,E14001519,Stockton West,-4.4
2,E14001520,Stoke-on-Trent Central,24.8
11,E14001520,Stoke-on-Trent Central,24.8
2,E14001521,Stoke-on-Trent North,14.0
9,E14001521,Stoke-on-Trent North,14.0
11,E14001521,Stoke-on-Trent North,14.0
0,E14001522,Stoke-on-Trent South,1.5
2,E14001522,Stoke-on-Trent South,1.5
9,E14001522,Stoke-on-Trent South,1.5
10,E14001522,Stoke-on-Trent South,1.5
0,E14001523,"Stone, Great Wyrley and Penkridge",-12.8
1,E14001523,"Stone, Great Wyrley and Penkridge",-12.8
10,E14001523,"Stone, Great Wyrley and Penkridge",-12.8
9,E14001524,Stourbridge,7.7
10,E14001524,Stourbridge,7.7
26,E14001524,Stourbridge,7.7
24,E14001525,Stratford and Bow,36.9
1,E14001526,Stratford-on-Avon,-23.7
26,E14001526,Stratford-on-Avon,-23.7
25,E14001527,Streatham and Croydon North,40.1
0,E14001528,Stretford and Urmston,35.1
0,E14001529,Stroud,20.7
1,E14001529,Stroud,20.7
17,E14001529,Stroud,20.7
1,E14001530,Suffolk Coastal,2.2
10,E14001530,Suffolk Coastal,2.2
26,E14001530,Suffolk Coastal,2.2
2,E14001531,Sunderland Central,27.9
9,E14001531,Sunderland Central,27.9
14,E14001531,Sunderland Central,27.9
0,E14001532,Surrey Heath,-26.4
1,E14001532,Surrey Heath,-26.4
17,E14001532,Surrey Heath,-26.4
1,E14001533,Sussex Weald,-17.3
0,E14001534,Sutton and Cheam,-11.2
17,E14001534,Sutton and Cheam,-11.2
0,E14001535,Sutton Coldfield,-5.3
1,E14001535,Sutton Coldfield,-5.3
17,E14001535,Sutton Coldfield,-5.3
0,E14001536,Swindon North,9.3
1,E14001536,Swindon North,9.3
17,E14001536,Swindon North,9.3
0,E14001537,Swindon South,21.5
0,E14001538,Tamworth,3.1
1,E14001539,Tatton,-2.1
17,E14001539,Tatton,-2.1
0,E14001540,Taunton and Wellington,-17.5
1,E14001540,Taunton and Wellington,-17.5
17,E14001540,Taunton and Wellington,-17.5
0,E14001541,Telford,23.3
0,E14001542,Tewkesbury,-20.9
1,E14001542,Tewkesbury,-20.9
17,E14001542,Tewkesbury,-20.9
0,E14001543,The Wrekin,-1.7
1,E14001543,The Wrekin,-1.7
17,E14001543,The Wrekin,-1.7
1,E14001544,Thirsk and Malton,-15.1
10,E14001544,Thirsk and Malton,-15.1
1,E14001545,Thornbury and Yate,-23.9
17,E14001545,Thornbury and Yate,-23.9
0,E14001546,Thurrock,21.4
2,E14001546,Thurrock,21.4
25,E14001546,Thurrock,21.4
23,E14001547,Tipton and Wednesbury,10.6
1,E14001548,Tiverton and Minehead,-22.1
10,E14001548,Tiverton and Minehead,-22.1
26,E14001548,Tiverton and Minehead,-22.1
1,E14001549,Tonbridge,-22.2
4,E14001550,Tooting,36.8
2,E14001551,Torbay,-22.4
10,E14001551,Torbay,-22.4
26,E14001552,Torridge and Tavistock,-10.4
27,E14001553,Tottenham,51.7
1,E14001554,Truro and Falmouth,16.2
3,E14001554,Truro and Falmouth,16.2
17,E14001554,Truro and Falmouth,16.2
0,E14001555,Tunbridge Wells,-16.2
1,E14001555,Tunbridge Wells,-16.2
17,E14001555,Tunbridge Wells,-16.2
17,E14001556,Twickenham,-3.8
1,E14001557,Tynemouth,31.9
0,E14001558,Uxbridge and South Ruislip,1.3
4,E14001558,Uxbridge and South Ruislip,1.3
10,E14001558,Uxbridge and South Ruislip,1.3
12,E14001558,Uxbridge and South Ruislip,1.3
25,E14001558,Uxbridge and South Ruislip,1.3
4,E14001559,Vauxhall and Camberwell Green,49.9
19,E14001559,Vauxhall and Camberwell Green,49.9
25,E14001559,Vauxhall and Camberwell Green,49.9
0,E14001560,Wakefield and Rothwell,25.7
2,E14001560,Wakefield and Rothwell,25.7
9,E14001560,Wakefield and Rothwell,25.7
9,E14001561,Wallasey,46.0
10,E14001561,Wallasey,46.0
14,E14001561,Wallasey,46.0
7,E14001562,Walsall and Bloxwich,15.6
23,E14001562,Walsall and Bloxwich,15.6
24,E14001563,Walthamstow,54.3
25,E14001563,Walthamstow,54.3
0,E14001564,Warrington North,30.6
10,E14001564,Warrington North,30.6
0,E14001565,Warrington South,22.8
1,E14001565,Warrington South,22.8
17,E14001565,Warrington South,22.8
0,E14001566,Warwick and Leamington,25.2
17,E14001566,Warwick and Leamington,25.2
28,E14001566,Warwick and Leamington,25.2
2,E14001567,Washington and Gateshead South,35.2
9,E14001567,Washington and Gateshead South,35.2
14,E14001567,Washington and Gateshead South,35.2
0,E14001568,Watford,10.6
25,E14001568,Watford,10.6
1,E14001569,Waveney Valley,-20.9
10,E14001569,Waveney Valley,-20.9
26,E14001569,Waveney Valley,-20.9
0,E14001570,Weald of Kent,-16.6
1,E14001570,Weald of Kent,-16.6
10,E14001570,Weald of Kent,-16.6
26,E14001570,Weald of Kent,-16.6
0,E14001571,Wellingborough and Rushden,12.5
10,E14001571,Wellingborough and Rushden,12.5
1,E14001572,Wells and Mendip Hills,-17.8
26,E14001572,Wells and Mendip Hills,-17.8
0,E14001573,Welwyn Hatfield,7.8
1,E14001573,Welwyn Hatfield,7.8
4,E14001573,Welwyn Hatfield,7.8
17,E14001573,Welwyn Hatfield,7.8
2,E14001574,West Bromwich,26.1
23,E14001574,West Bromwich,26.1
26,E14001575,West Dorset,-30.6
24,E14001576,West Ham and Beckton,34.8
0,E14001577,West Lancashire,30.9
1,E14001577,West Lancashire,30.9
10,E14001577,West Lancashire,30.9
0,E14001578,West Suffolk,-7.1
1,E14001579,West Worcestershire,-21.0
1,E14001580,Westmorland and Lonsdale,-14.7
0,E14001581,Weston-super-Mare,10.4
10,E14001581,Weston-super-Mare,10.4
12,E14001581,Weston-super-Mare,10.4
1,E14001582,Wetherby and Easingwold,-9.3
17,E14001582,Wetherby and Easingwold,-9.3
2,E14001583,Whitehaven and Workington,32.8
9,E14001583,Whitehaven and Workington,32.8
10,E14001583,Whitehaven and Workington,32.8
14,E14001583,Whitehaven and Workington,32.8
0,E14001584,Widnes and Halewood,52.4
2,E14001584,Widnes and Halewood,52.4
9,E14001584,Widnes and Halewood,52.4
10,E14001584,Widnes and Halewood,52.4
0,E14001585,Wigan,36.9
2,E14001585,Wigan,36.9
9,E14001585,Wigan,36.9
10,E14001585,Wigan,36.9
17,E14001586,Wimbledon,-0.9
1,E14001587,Winchester,-22.9
3,E14001587,Winchester,-22.9
17,E14001587,Winchester,-22.9
0,E14001588,Windsor,-14.2
17,E14001588,Windsor,-14.2
28,E14001588,Windsor,-14.2
1,E14001589,Wirral West,20.1
0,E14001590,Witham,-10.2
1,E14001590,Witham,-10.2
17,E14001590,Witham,-10.2
1,E14001591,Witney,-23.2
17,E14001591,Witney,-23.2
0,E14001592,Woking,-17.3
17,E14001592,Woking,-17.3
1,E14001593,Wokingham,-25.5
17,E14001593,Wokingham,-25.5
2,E14001594,Wolverhampton North East,16.3
11,E14001594,Wolverhampton North East,16.3
23,E14001594,Wolverhampton North East,16.3
2,E14001595,Wolverhampton South East,33.4
23,E14001595,Wolverhampton South East,33.4
2,E14001596,Wolverhampton West,18.0
9,E14001596,Wolverhampton West,18.0
14,E14001596,Wolverhampton West,18.0
0,E14001597,Worcester,15.5
10,E14001597,Worcester,15.5
17,E14001597,Worcester,15.5
0,E14001598,Worsley and Eccles,31.7
1,E14001599,Worthing West,7.7
10,E14001599,Worthing West,7.7
0,E14001600,Wycombe,10.3
17,E14001600,Wycombe,10.3
25,E14001600,Wycombe,10.3
0,E14001601,Wyre Forest,-1.8
9,E14001601,Wyre Forest,-1.8
10,E14001601,Wyre Forest,-1.8
0,E14001602,Wythenshawe and Sale East,38.8
2,E14001602,Wythenshawe and Sale East,38.8
25,E14001602,Wythenshawe and Sale East,38.8
0,E14001603,Yeovil,-17.4
1,E14001603,Yeovil,-17.4
10,E14001603,Yeovil,-17.4
28,E14001604,York Central,44.2
0,E14001605,York Outer,18.4
1,E14001605,York Outer,18.4
17,E14001605,York Outer,18.4
2,W07000081,Aberafan Maesteg,41.8
9,W07000081,Aberafan Maesteg,41.8
11,W07000081,Aberafan Maesteg,41.8
0,W07000082,Alyn and Deeside,24.2
0,W07000083,Bangor Aberconwy,11.9
1,W07000083,Bangor Aberconwy,11.9
9,W07000084,Blaenau Gwent and Rhymney,41.0
11,W07000084,Blaenau Gwent and Rhymney,41.0
23,W07000084,Blaenau Gwent and Rhymney,41.0
1,W07000085,"Brecon, Radnor and Cwm Tawe",-5.0
10,W07000085,"Brecon, Radnor and Cwm Tawe",-5.0
0,W07000086,Bridgend,23.6
9,W07000086,Bridgend,23.6
0,W07000087,Caerfyrddin,4.7
1,W07000087,Caerfyrddin,4.7
9,W07000087,Caerfyrddin,4.7
10,W07000087,Caerfyrddin,4.7
0,W07000088,Caerphilly,26.5
2,W07000088,Caerphilly,26.5
9,W07000088,Caerphilly,26.5
10,W07000088,Caerphilly,26.5
12,W07000089,Cardiff East,30.5
19,W07000089,Cardiff East,30.5
25,W07000089,Cardiff East,30.5
1,W07000090,Cardiff North,23.6
17,W07000090,Cardiff North,23.6
4,W07000091,Cardiff South and Penarth,30.6
28,W07000091,Cardiff South and Penarth,30.6
0,W07000092,Cardiff West,21.4
2,W07000092,Cardiff West,21.4
10,W07000092,Cardiff West,21.4
25,W07000092,Cardiff West,21.4
1,W07000093,Ceredigion Preseli,1.3
0,W07000094,Clwyd East,9.7
1,W07000094,Clwyd East,9.7
10,W07000094,Clwyd East,9.7
2,W07000095,Clwyd North,2.8
9,W07000095,Clwyd North,2.8
10,W07000095,Clwyd North,2.8
14,W07000095,Clwyd North,2.8
0,W07000096,Dwyfor Meirionnydd,2.9
1,W07000096,Dwyfor Meirionnydd,2.9
10,W07000096,Dwyfor Meirionnydd,2.9
0,W07000097,Gower,24.5
1,W07000097,Gower,24.5
17,W07000097,Gower,24.5
0,W07000098,Llanelli,20.8
9,W07000098,Llanelli,20.8
10,W07000098,Llanelli,20.8
2,W07000099,Merthyr Tydfil and Aberdare,37.2
11,W07000099,Merthyr Tydfil and Aberdare,37.2
0,W07000100,Mid and South Pembrokeshire,4.0
9,W07000100,Mid and South Pembrokeshire,4.0
10,W07000100,Mid and South Pembrokeshire,4.0
0,W07000101,Monmouthshire,6.5
1,W07000101,Monmouthshire,6.5
0,W07000102,Montgomeryshire and Glyndwr,11.4
1,W07000102,Montgomeryshire and Glyndwr,11.4
9,W07000102,Montgomeryshire and Glyndwr,11.4
10,W07000102,Montgomeryshire and Glyndwr,11.4
0,W07000103,Neath and Swansea East,32.4
9,W07000103,Neath and Swansea East,32.4
10,W07000103,Neath and Swansea East,32.4
2,W07000104,Newport East,25.7
0,W07000105,Newport West and Islwyn,25.5
10,W07000105,Newport West and Islwyn,25.5
0,W07000106,Pontypridd,31.6
2,W07000106,Pontypridd,31.6
9,W07000106,Pontypridd,31.6
10,W07000106,Pontypridd,31.6
9,W07000107,Rhondda and Ogmore,42.1
11,W07000107,Rhondda and Ogmore,42.1
2,W07000108,Swansea West,31.5
14,W07000108,Swansea West,31.5
19,W07000108,Swansea West,31.5
0,W07000109,Torfaen,26.4
2,W07000109,Torfaen,26.4
9,W07000109,Torfaen,26.4
10,W07000109,Torfaen,26.4
0,W07000110,Vale of Glamorgan,9.2
1,W07000110,Vale of Glamorgan,9.2
17,W07000110,Vale of Glamorgan,9.2
0,W07000111,Wrexham,14.7
10,W07000111,Wrexham,14.7
0,W07000112,Ynys Mn,-7.1
1,W07000112,Ynys Mn,-7.1
9,W07000112,Ynys Mn,-7.1
10,W07000112,Ynys Mn,-7.1
